chr,pos,Strand,A1,A2,N,effB,se_effB,chi2.1df,P1df,effAB,effBB,chi2.2df,P2df,Pc1df,qval,snpid,bin10
3,170120358,u,1,2,196,0.00646450399623278,0.250269552829778,0.000667197455336606,0.979392801195642,-0.0498571428571495,0.0473650793650719,0.0183418290653098,0.990871010043905,0.991325440605174,0.98445398933035,3_170120358,3_17012036
4,4213632,u,1,2,157,-0.453469538008477,0.199493867659127,5.16698423515059,0.0230201461535384,-0.594655797101453,-0.759583333333333,5.57568862824705,0.0615537615725805,0.338683638237256,0.0505245128504852,4_4213632,4_421363
5,106256257,u,1,2,195,-0.30448491797497,0.153174698617864,3.95145920168103,0.046830742490604,0.296919191919192,-0.438675213675216,7.4997379877908,0.0235208270261043,0.402763698762106,0.091466293926961,5_106256257,5_10625626
8,1831104,u,1,2,196,-0.326554680360351,0.15228467320948,4.59832257495961,0.0320032543302277,0.502260072060263,-0.474844015882017,13.3677708817983,0.00125090818822358,0.3667458219707,0.0655804392012863,8_1831104,8_183110
8,113632931,u,1,2,188,-0.213491862720307,0.207220267592599,1.06144670336217,0.302885457282189,-0.156888121944204,-0.5615664845173,1.18107745774847,0.554028733046874,0.664543726785786,0.435180254715788,8_113632931,8_11363293
9,5015087,u,1,2,186,0.0517754480892728,0.207644916612145,0.0621734726551074,0.803093082143409,0.122565969062778,0.0749469214437291,0.0916183192269722,0.955224240160362,0.91641378699896,0.865402028171777,9_5015087,9_501509
9,5015094,u,1,2,186,-0.188743455497394,0.14545408241884,1.68380569344881,0.19441953194129,-0.0193734335839597,-0.414905869324475,2.06428871352657,0.356242230498797,0.584943144044024,0.296371237715382,9_5015094,9_501509
9,154391013,u,1,2,98,0.271467839472243,0.175369670794988,2.3962261296798,0.121628352321536,0.635869565217394,0.524869565217399,2.62789641683949,0.268756850825957,0.514686788133951,0.20004663210779,9_154391013,9_15439101
