chr,pos,Strand,A1,A2,N,effB,se_effB,chi2.1df,P1df,effAB,effBB,chi2.2df,P2df,Pc1df,qval,snpid,bin10
4,4213632,u,1,2,156,1.76692661154914,1.21640623455755,2.10998684929584,0.146340575181484,1.41626794258373,Inf,3.01747737159962,0.221188790649781,0.560630995349258,0.270855724555241,4_4213632,4_421363
5,106256257,u,1,2,185,1.10227668741534,1.9924668965982,0.3060546734358,0.580111347122315,2.88721804511278,1.34736842105263,7.86396606215282,0.0196047571379292,0.824608752812053,0.758012160239825,5_106256257,5_10625626
8,1831104,u,1,2,210,2.14854612072688,0.807559313008338,7.07848802311342,0.0078014809891185,1.51633986928105,17.0588235294118,10.3716351891195,0.00559536000875615,0.286506968667704,0.0257144137075964,8_1831104,8_183110
9,5015087,u,1,2,209,1.20069351836765,1.75551502809105,0.467794626953987,0.494003496600242,0.995934959349593,Inf,3.44764132264132,0.178383302098272,0.784089999198763,0.676132811245216,9_5015087,9_501509
9,5015094,u,1,2,208,1.48542217911725,1.02297138745623,2.10849626004118,0.146483197973753,0.603296703296703,7.2,16.0455887249159,0.000327902463081162,0.560769483902805,0.270855724555241,9_5015094,9_501509
10,14886126,u,1,2,115,0.324607453248602,0.101000981171362,10.3291786576172,0.00130943463515362,0.17296918767507,0.509803921568627,18.1906468358694,0.0001121892458022,0.197922637018082,0.00608981457010041,10_14886126,10_1488613
10,14886133,u,1,2,128,1.25048923679061,2.63188253807937,0.225749559082892,0.634693535061396,1.3265306122449,1.3265306122449,0.249512670565302,0.882711962143074,0.849044343240024,0.809171918769433,10_14886133,10_1488613
