chr,pos,Strand,A1,A2,N,effB,se_effB,chi2.1df,P1df,effAB,effBB,chi2.2df,P2df,Pc1df,qval,snpid,bin10
4,4213632,u,1,2,477,0.647708665126398,0.370012820197203,3.06426182534648,0.0800315041320487,-0.410193204530314,2.99040247678018,12.8082304341925,0.00165473365424348,0.528753066191477,0.141991378298796,4_4213632,4_421363
5,106256257,u,1,2,551,-0.672341533081513,0.303546332152535,4.90602662906288,0.026763138261492,-0.0387931034482758,-1.19388361045131,5.4895213250451,0.0642636798110778,0.425426920230197,0.0684638420642819,5_106256257,5_10625626
8,1831104,u,1,2,565,1.125,0.279495757141049,16.2014768986695,5.6949699387439e-05,-1.3530612244898,2.25,50.2886716404617,1.20213627436628e-11,0.147500759303664,0.000417631128841219,8_1831104,8_183110
8,113632931,u,1,2,554,-0.954849884526557,0.446827838088457,4.56656616759303,0.0326018518079601,-0.74423076923077,-5.36923076923077,6.73973655844247,0.0343941674716345,0.441909571383063,0.0763022063590555,8_113632931,8_11363293
9,5015087,u,1,2,555,-0.804799689014909,0.398853311274361,4.07145084583454,0.0436137987356851,-1.1281195335277,0.40354713313897,6.72732032260144,0.034608354680892,0.467783460261469,0.0872275974713701,9_5015087,9_501509
9,5015094,u,1,2,553,0.113370835136302,0.327681838592054,0.119701046743953,0.729358954845884,-1.24400154798762,0.96481757259866,15.0869535177829,0.000529553288400874,0.900920395491519,0.764090333648069,9_5015094,9_501509
10,14886126,u,1,2,264,0.49859095077274,0.368161223421628,1.83405643445356,0.175649170127493,0.335054439331014,1.04519254353692,1.90000086031195,0.386740857095574,0.62602513272476,0.238535910049682,10_14886126,10_1488613
10,14886133,u,1,2,298,-0.925553662691653,0.577912537088846,2.56495042463762,0.109255982492057,-1.92123845736013,-1.17123845736013,3.73124468083425,0.154799841703054,0.56440626998883,0.176737618737151,10_14886133,10_1488613
